USA,New York City
USA,Boston
USA,San Francisco
USA,San Diego
USA,Los Angeles
USA,Las Vegas
China,Beijing
Austria,Vienna
Australia,Melbourne
afghanistan,kabul
albania,tirana
algeria,algiers
andorra,andorra la vella
angola,luanda
antigua & barbuda,saint john's
argentina,buenos aires
armenia,yerevan
australia,canberra
austria,vienna
azerbaijan,baku
bahamas,the nassau
bahrain,manama
bangladesh,dhaka
barbados,bridgetown
belarus,minsk
belgium,brussels
belize,belmopan
benin,porto-novo
bhutan,thimphu
bolivia,sucre
bosnia & herzegovina,sarajevo
botswana,gaborone
brazil,brasilia
brunei,bandar seri begawan
bulgaria,sofia
burkina faso,ouagadougou
burundi,bujumbura
cabo verde,praia
cambodia,phnom penh
cameroon,yaounde
canada,ottawa
central african republic,bangui
chad,n'djamena
chile,santiago
china,beijing
colombia,bogotá
comoros,moroni
congo, democratic republic of the kinshasa
costa rica,san jose
côte d'ivoire,yamoussoukro
croatia,zagreb
cuba,havana
cyprus,nicosia
czech republic,prague
denmark,copenhagen
djibouti,djibouti (city)
dominica,roseau
dominican republic,santo domingo
ecuador,quito
egypt,cairo
el salvador,san salvador
equatorial guinea,malabo
eritrea,asmara
estonia,tallinn
eswatini,mbabane
ethiopia,addis ababa
federated states of micronesia,palikir
fiji,suva
finland,helsinki
france,paris
gabon,libreville
gambia, the banjul
georgia,tbilisi
germany,berlin
ghana,accra
greece,athens
grenada,saint george's
guatemala,guatemala city
guinea,conakry
guinea-bissau,bissau
guyana,georgetown
haiti,port-au-prince
honduras,tegucigalpa
hungary,budapest
iceland,reykjavik
india,new delhi
indonesia,jakarta
iran,tehran
iraq,baghdad
ireland,dublin
israel,jerusalem
italy,rome
jamaica,kingston
japan,tokyo
jordan,amman
kazakhstan,astana
kenya,nairobi
kiribati,south tarawa
kosovo,pristina
kuwait,kuwait city
kyrgyzstan,bishkek
laos,vientiane
latvia,riga
lebanon,beirut
lesotho,maseru
liberia,monrovia
libya,tripoli
liechtenstein,vaduz
lithuania,vilnius
luxembourg,luxembourg
madagascar,antananarivo
malawi,lilongwe
malaysia,kuala lumpur
maldives,male
mali,bamako
malta,valletta
marshall islands,majuro
mauritania,nouakchott
mauritius,port louis
mexico,mexico city
moldova,chisinau
monaco,monaco
mongolia,ulaanbaatar
montenegro,podgorica
morocco,rabat
mozambique,maputo
myanmar,nay pyi taw
namibia,windhoek
nauru,yaren district
nepal,kathmandu
netherlands,amsterdam
new zealand,wellington
nicaragua,managua
niger,niamey
nigeria,abuja
north korea,pyongyang
north macedonia,skopje
norway,oslo
oman,muscat
pakistan,islamabad
palau,ngerulmud
palestine,east jerusalem
panama,panama city
papua new guinea,port moresby
paraguay,asunción
peru,lima
philippines,manila
poland,warsaw
portugal,lisbon
qatar,doha
republic of the congo,brazzaville
romania,bucharest
russia,moscow
rwanda,kigali
saint kitts & nevis,basseterre
saint lucia,castries
saint vincent & the grenadines,kingstown
samoa,apia
san marino,san marino
são tomé & príncipe,são tomé
saudi arabia,riyadh
senegal,dakar
serbia,belgrade
seychelles,victoria
sierra leone,freetown
singapore,singapore
slovakia,bratislava
slovenia,ljubljana
solomon islands,honiara
somalia,mogadishu
south africa,cape town
south korea,seoul
south sudan,juba
spain,madrid
sri lanka,colombo
sudan,khartoum
suriname,paramaribo
sweden,stockholm
switzerland,bern
syria,damascus
tajikistan,dushanbe
tanzania,dodoma
thailand,bangkok
timor-leste,dili
togo,lomé
tonga,nukuʻalofa
trinidad & tobago,port of spain
tunisia,tunis
turkey,ankara
turkmenistan,ashgabat
tuvalu,funafuti
uganda,kampala
ukraine,kiev
united arab emirates,abu dhabi
united kingdom*,london
united states,washington d.c.
uruguay,montevideo
uzbekistan,tashkent
vanuatu,port vila
vatican city,vatican city
venezuela,caracas
vietnam,hanoi
yemen,sana'a
zambia,lusaka
zimbabwe,harare
